lat,lon,dbh_in,condition,height_m,match_distance_m
40.785262,-73.971529,12,Unknown,13.1,1.55
40.772211,-73.960288,24,Unknown,17.9,2.55
40.783828,-73.956135,18,Poor,10.9,2.35
40.769181,-73.949437,2,Dead,13.4,8.52
40.769126,-73.949254,5,Poor,13.4,24.83
40.784157,-73.953030,14,Unknown,11.9,2.09
40.786968,-73.949365,1,Unknown,14.5,2.87
40.773234,-73.964917,5,Unknown,5.7,1.42
40.777624,-73.953413,1,Unknown,10.7,1.56
40.791856,-73.964913,24,Dead,14.0,2.52
40.774184,-73.954834,16,Good,11.2,1.45
40.775932,-73.956978,16,Poor,28.4,2.15
40.790760,-73.966479,14,Fair,20.7,1.41
40.792519,-73.966489,8,Good,8.8,1.04
40.769287,-73.963716,9,Dead,14.7,1.58
40.765756,-73.965065,16,Unknown,11.2,2.34
40.788619,-73.979170,26,Fair,18.0,2.35
40.784092,-73.952869,15,Poor,11.7,1.79
40.777063,-73.951806,1,Dead,12.9,2.10
40.784253,-73.951024,20,Dead,13.8,3.46
40.786929,-73.949259,4,Unknown,15.8,3.66
40.769257,-73.949566,30,Dead,16.9,3.56
40.784319,-73.951178,18,Dead,16.9,2.11
40.775229,-73.957566,15,Good,17.0,1.39
40.786916,-73.949236,1,Unknown,15.8,6.05
40.769161,-73.949342,17,Fair,13.4,16.44
40.778952,-73.952349,10,Dead,11.6,1.34
40.788604,-73.979136,27,Fair,16.4,3.23
40.767651,-73.967633,8,Dead,9.9,3.55
40.769294,-73.949660,21,Fair,14.6,2.79
40.781815,-73.977168,14,Dead,12.9,1.48
40.768983,-73.949363,23,Good,11.6,19.11
40.790602,-73.978025,9,Fair,5.6,2.90
40.784376,-73.951312,16,Dead,12.4,1.27
40.786945,-73.949303,4,Unknown,15.8,0.62
40.772839,-73.961773,3,Unknown,5.2,1.01
40.789309,-73.979128,12,Unknown,9.1,0.68
40.773227,-73.964897,6,Good,5.7,0.61
40.769306,-73.963505,20,Dead,17.6,3.21
40.786981,-73.949390,5,Unknown,14.5,5.43
40.768830,-73.949490,24,Fair,11.5,5.09
40.768922,-73.949416,20,Fair,11.6,11.60
40.781099,-73.977683,18,Fair,13.2,1.90
40.781207,-73.977936,14,Fair,13.5,2.16
40.774767,-73.978664,11,Fair,8.6,2.77
40.774971,-73.978870,16,Fair,13.3,2.05
40.790746,-73.978382,5,Unknown,4.9,0.72
40.775960,-73.981243,15,Fair,13.4,1.06
40.787661,-73.951030,4,Dead,16.2,3.18
40.767110,-73.969950,18,Fair,19.0,2.05
40.775012,-73.978963,14,Fair,14.2,0.76
40.783248,-73.952972,3,Excellent,12.0,13.74
40.774824,-73.978539,11,Good,10.4,2.36
40.799380,-73.953191,12,Dead,9.3,1.37
40.775858,-73.981000,12,Fair,13.6,1.49
40.775191,-73.979410,13,Good,14.5,2.76
40.768319,-73.952993,16,Unknown,10.6,4.43
40.775097,-73.979448,12,Poor,12.1,0.48
40.771621,-73.961106,24,Dead,14.6,3.43
40.775051,-73.979067,18,Good,16.1,3.10
40.766546,-73.970551,18,Fair,13.7,1.73
40.780966,-73.977370,18,Fair,13.0,1.74
40.774933,-73.979058,2,Good,15.8,3.23
40.768329,-73.953040,15,Good,10.6,1.74
40.774589,-73.978241,9,Good,11.9,2.68
40.776477,-73.954623,12,Unknown,19.0,2.61
40.780842,-73.977076,19,Good,15.6,2.56
40.783673,-73.951859,3,Excellent,14.4,2.22
40.775093,-73.979165,14,Good,13.7,2.84
40.774470,-73.949858,12,Unknown,9.0,3.41
40.766116,-73.958140,18,Good,14.9,3.29
40.769424,-73.955909,16,Unknown,14.9,2.50
40.768670,-73.962002,17,Fair,12.2,1.20
40.784316,-73.955341,14,Fair,14.5,0.24
40.779090,-73.952689,10,Good,7.5,1.43
40.796231,-73.967850,20,Good,18.1,2.82
40.769383,-73.962006,13,Fair,15.3,2.69
40.775601,-73.978443,11,Good,10.2,1.65
40.793285,-73.966019,18,Good,13.2,3.09
40.782913,-73.953675,17,Good,15.9,2.54
40.783735,-73.955914,14,Fair,14.4,1.02
40.794889,-73.964765,8,Good,7.3,1.21
40.783489,-73.953111,13,Fair,10.1,3.18
40.783075,-73.954062,20,Poor,17.0,2.63
40.785585,-73.953015,15,Fair,14.0,2.03
40.784344,-73.955408,16,Unknown,14.1,1.20
40.775760,-73.978821,12,Good,13.3,0.68
40.782877,-73.953588,23,Good,13.0,2.70
40.769302,-73.959331,20,Dead,12.8,0.62
40.778922,-73.952290,12,Unknown,10.3,1.93
40.775961,-73.979299,12,Good,7.4,2.19
40.775275,-73.977667,13,Good,12.2,0.61
40.768707,-73.962089,15,Good,13.9,1.94
40.795114,-73.965177,22,Good,12.1,2.74
40.782957,-73.953780,15,Good,14.3,1.99
40.783351,-73.953047,12,Dead,12.2,1.62
40.786175,-73.953908,6,Fair,7.7,2.35
40.769348,-73.959442,15,Fair,16.9,0.78
40.793225,-73.965877,18,Good,12.8,1.37
40.783121,-73.954173,16,Fair,20.5,3.76
40.786542,-73.970093,13,Fair,13.3,2.89
40.782836,-73.953492,13,Good,10.8,1.18
40.793465,-73.966447,19,Good,12.2,2.99
40.775859,-73.979048,12,Fair,8.5,2.42
40.783603,-73.955604,12,Dead,11.8,1.68
40.768827,-73.956196,17,Fair,13.9,0.98
40.781845,-73.953979,3,Dead,8.3,11.14
40.787867,-73.979414,16,Unknown,11.3,2.28
40.776005,-73.979404,16,Fair,12.5,2.58
40.793405,-73.966305,20,Good,10.2,2.86
40.783000,-73.953882,17,Good,17.8,2.28
40.782413,-73.951513,18,Unknown,10.1,1.14
40.768795,-73.968120,7,Dead,8.0,1.42
40.784398,-73.955537,12,Fair,13.6,0.98
40.783415,-73.953199,18,Dead,13.0,0.66
40.782841,-73.951191,17,Fair,13.6,2.30
40.782797,-73.953397,15,Good,9.6,1.84
40.775330,-73.977797,17,Fair,11.5,2.01
40.781693,-73.979097,1,Unknown,4.1,0.73
40.783634,-73.955677,13,Good,11.8,0.72
40.783681,-73.955787,13,Good,14.2,3.13
40.793339,-73.966147,18,Good,9.6,2.54
40.778585,-73.962702,5,Good,7.9,13.12
40.776338,-73.978250,2,Dead,9.5,6.42
40.775483,-73.978119,14,Dead,11.0,4.27
40.783033,-73.953963,17,Good,16.2,1.53
40.783746,-73.954828,18,Fair,15.6,4.03
40.783530,-73.953206,13,Good,13.6,1.90
40.793042,-73.965446,18,Good,13.2,2.03
40.775384,-73.977926,12,Poor,10.0,2.02
40.783707,-73.955848,11,Fair,14.8,2.49
40.768758,-73.962209,1,Dead,14.2,2.40
40.775712,-73.978707,13,Good,11.9,3.01
40.780312,-73.975350,11,Dead,16.7,4.24
40.775951,-73.957333,17,Dead,16.6,4.02
40.788370,-73.972739,20,Fair,15.5,1.45
40.780643,-73.975953,19,Dead,25.0,2.87
40.783626,-73.955370,13,Fair,13.2,3.18
40.779738,-73.952007,12,Unknown,9.5,2.03
40.779749,-73.973824,21,Good,19.2,1.91
40.780560,-73.975751,16,Dead,21.0,1.88
40.779967,-73.974348,24,Good,21.4,1.89
40.785519,-73.955966,14,Good,19.3,0.44
40.768393,-73.959402,12,Fair,14.5,2.06
40.779711,-73.973921,3,Dead,16.8,2.97
40.779787,-73.974100,4,Fair,20.0,3.05
40.782387,-73.972356,6,Unknown,52.4,2.29
40.783667,-73.955466,15,Dead,14.2,2.30
40.775416,-73.957751,20,Unknown,14.6,3.06
40.794836,-73.973634,26,Fair,19.5,3.00
40.782987,-73.974207,6,Dead,15.7,0.71
40.782879,-73.974041,17,Good,19.3,2.96
40.779724,-73.973766,0,Dead,19.2,2.33
40.783553,-73.955198,15,Good,13.7,2.53
40.784873,-73.956400,12,Unknown,7.2,1.48
40.783710,-73.955568,16,Fair,12.5,2.32
40.787624,-73.972660,18,Good,14.6,1.28
40.788390,-73.972787,17,Fair,16.4,3.14
40.779909,-73.974208,19,Dead,14.4,1.67
40.779794,-73.973940,15,Good,18.5,3.39
40.780671,-73.976020,15,Fair,24.1,3.78
40.780614,-73.975888,22,Good,25.0,4.39
40.779113,-73.974946,15,Dead,12.2,1.45
40.781575,-73.976859,14,Fair,14.2,2.53
40.778036,-73.976084,10,Good,10.7,1.28
40.778873,-73.976346,12,Fair,11.9,1.86
40.797710,-73.971541,17,Fair,12.6,3.75
40.778872,-73.978057,12,Fair,11.5,1.46
40.778011,-73.976024,12,Good,11.7,2.76
40.781324,-73.976261,9,Dead,8.4,1.70
40.778833,-73.976250,4,Fair,5.2,5.62
40.787229,-73.978922,17,Dead,44.0,3.43
40.788237,-73.978201,20,Dead,19.5,1.58
40.781474,-73.972254,3,Dead,13.4,3.24
40.796603,-73.960937,24,Good,17.2,4.71
40.780188,-73.979473,22,Fair,16.3,3.49
40.780402,-73.976736,17,Good,10.7,1.13
40.779772,-73.973490,3,Dead,3.0,1.55
40.779609,-73.975875,20,Dead,18.2,0.35
40.778994,-73.978347,13,Poor,12.6,1.86
40.779085,-73.976598,3,Excellent,21.8,7.28
40.784175,-73.980550,11,Dead,8.6,1.19
40.797364,-73.971792,12,Good,12.5,0.52
40.778759,-73.975825,13,Dead,13.3,2.46
40.778523,-73.977237,10,Fair,11.2,1.60
40.781779,-73.977344,14,Fair,13.3,3.94
40.778918,-73.976452,5,Good,13.5,8.79
40.779579,-73.975803,5,Excellent,17.8,3.62
40.781570,-73.972184,3,Dead,15.5,0.78
40.787233,-73.979183,14,Dead,16.1,2.36
40.781531,-73.976755,17,Fair,16.4,2.11
40.778278,-73.976657,11,Fair,10.6,1.76
40.787838,-73.978477,15,Critical,9.9,2.97
40.787125,-73.951706,19,Good,14.8,2.61
40.766188,-73.958057,11,Good,14.2,3.01
40.792090,-73.969617,13,Fair,14.0,0.77
40.792410,-73.970266,0,Dead,14.3,2.13
40.796571,-73.967900,22,Good,19.1,2.97
40.797357,-73.967778,26,Good,17.1,2.93
40.769288,-73.953337,13,Fair,13.1,0.78
40.796526,-73.967791,23,Fair,20.8,3.40
40.797487,-73.967683,15,Good,15.3,3.24
40.797009,-73.968032,20,Good,16.0,4.37
40.792300,-73.970115,11,Fair,12.7,0.82
40.796781,-73.968198,20,Good,15.6,2.15
40.769023,-73.952989,15,Good,22.4,2.01
40.796480,-73.967683,10,Fair,20.6,2.52
40.792179,-73.969829,11,Fair,12.5,2.25
40.796660,-73.968110,24,Dead,15.9,3.18
40.798474,-73.965394,3,Good,8.8,14.72
40.797559,-73.967631,16,Good,14.7,4.18
40.792390,-73.970205,0,Dead,15.3,2.06
40.797086,-73.967976,20,Good,16.0,3.98
40.792143,-73.969743,14,Fair,14.8,2.76
40.796859,-73.968141,18,Good,14.2,3.22
40.796614,-73.968002,20,Dead,17.1,5.25
40.797280,-73.967834,21,Good,17.7,3.05
40.792219,-73.969924,13,Good,13.3,2.00
40.796935,-73.968086,20,Good,16.9,2.78
40.797412,-73.967738,16,Good,14.2,3.53
40.782447,-73.974942,21,Good,21.6,2.51
40.784007,-73.972230,10,Fair,10.3,2.18
40.782859,-73.973925,4,Poor,18.6,2.10
40.784763,-73.970346,11,Poor,7.1,2.21
40.782834,-73.974699,5,Good,9.3,2.52
40.784220,-73.972737,13,Good,13.9,2.10
40.787628,-73.968759,13,Fair,13.4,1.67
40.790063,-73.969380,17,Good,12.7,2.98
40.784899,-73.972379,14,Unknown,12.6,0.31
40.782725,-73.974778,3,Good,25.4,2.98
40.782753,-73.973743,18,Fair,21.4,3.85
40.798494,-73.971146,4,Fair,5.2,8.46
40.784055,-73.972344,11,Good,28.2,2.35
40.784845,-73.970282,4,Dead,8.7,8.40
40.782672,-73.974778,0,Dead,21.5,4.14
40.782702,-73.973624,15,Good,20.0,2.08
40.782805,-73.974681,18,Dead,27.4,4.47
40.782194,-73.975126,24,Dead,24.0,1.53
40.790027,-73.969446,6,Fair,12.8,2.84
40.787582,-73.968650,16,Poor,12.2,2.80
40.781522,-73.975615,16,Good,19.9,3.38
40.789940,-73.968762,20,Good,14.2,1.11
40.799214,-73.966423,27,Fair,13.6,1.69
40.781687,-73.975496,26,Good,18.3,2.06
40.787323,-73.969999,14,Good,12.6,1.62
40.789752,-73.969651,7,Dead,7.0,2.92
40.791153,-73.967413,12,Good,16.9,3.53
40.782954,-73.974228,4,Poor,19.0,2.82
40.789916,-73.968369,15,Good,20.3,3.08
40.782678,-73.973497,3,Good,2.6,0.71
40.782289,-73.972644,5,Good,6.2,4.54
40.782346,-73.972710,20,Poor,15.0,1.07
40.782181,-73.972390,14,Dead,16.1,0.90
40.781771,-73.975473,3,Unknown,18.8,5.49
40.789778,-73.969593,15,Good,11.7,3.07
40.784821,-73.970483,11,Fair,10.0,1.37
40.799357,-73.971244,10,Good,10.2,1.62
40.782404,-73.974973,24,Fair,23.2,1.64
40.789944,-73.966495,11,Good,9.8,0.83
40.782402,-73.972913,20,Good,14.9,4.20
40.783933,-73.972054,14,Fair,13.2,0.38
40.789977,-73.968851,21,Good,14.4,2.77
40.782583,-73.973271,6,Good,3.1,1.27
40.776684,-73.959984,7,Unknown,10.4,1.51
40.783365,-73.972932,13,Fair,12.4,1.06
40.785571,-73.972008,7,Good,17.8,4.02
40.787702,-73.969222,14,Fair,12.8,1.51
40.782781,-73.973810,17,Fair,21.3,3.00
40.787759,-73.969069,12,Fair,14.1,2.57
40.782321,-73.975034,27,Good,19.1,2.99
40.783659,-73.971661,12,Fair,8.3,2.26
40.782715,-73.974747,20,Dead,25.4,0.21
40.781106,-73.975919,16,Fair,17.4,3.96
40.781560,-73.975588,25,Good,20.1,1.43
40.782368,-73.972832,5,Good,16.5,3.42
40.784690,-73.971880,13,Fair,12.3,1.06
40.789830,-73.968498,24,Good,16.8,2.53
40.788113,-73.969906,16,Dead,9.9,2.46
40.787367,-73.970103,0,Dead,13.3,0.77
40.781363,-73.975770,4,Dead,24.3,6.75
40.787260,-73.969851,18,Good,16.1,0.63
40.782631,-73.973456,22,Good,19.8,2.02
40.787446,-73.970546,16,Good,13.4,2.60
40.782064,-73.975221,21,Good,21.3,3.10
40.782931,-73.974589,17,Good,14.6,3.52
40.786441,-73.969855,13,Fair,15.8,2.42
40.781312,-73.975768,30,Good,25.0,3.94
40.789841,-73.969585,6,Dead,5.8,1.92
40.784997,-73.972612,12,Poor,7.7,2.81
40.789796,-73.968085,14,Good,14.0,1.38
40.785405,-73.971612,7,Good,10.0,7.55
40.782536,-73.974877,25,Good,27.7,3.11
40.781759,-73.975443,24,Good,17.5,3.25
40.787707,-73.968946,13,Fair,10.2,1.29
40.782804,-73.973864,18,Good,19.9,2.17
40.782153,-73.975156,21,Good,23.9,4.17
40.787566,-73.968901,19,Dead,14.6,1.50
40.782727,-73.973681,18,Good,21.4,2.97
40.798820,-73.971916,10,Good,10.2,3.48
40.783577,-73.971467,11,Fair,9.3,2.43
40.784139,-73.972546,14,Good,13.1,0.77
40.782204,-73.972443,21,Good,18.3,2.28
40.798729,-73.971451,14,Fair,13.0,2.55
40.782255,-73.972564,21,Good,16.6,0.91
40.781477,-73.975648,24,Good,16.5,3.69
40.782391,-73.972816,2,Good,16.5,5.03
40.782252,-73.975123,3,Poor,19.7,3.67
40.787912,-73.969717,12,Fair,12.1,1.01
40.785451,-73.971723,14,Good,12.9,0.72
40.787216,-73.969747,16,Fair,13.5,1.98
40.784736,-73.972245,14,Fair,14.4,2.11
40.782107,-73.975190,29,Good,26.2,4.67
40.782587,-73.974840,22,Good,28.8,3.01
40.782679,-73.973569,18,Good,17.5,2.51
40.787557,-73.970554,13,Good,14.9,1.51
40.780847,-73.976107,22,Good,20.1,2.59
40.782854,-73.973983,19,Fair,19.3,2.59
40.790027,-73.968635,16,Good,14.9,1.19
40.789786,-73.968393,18,Good,13.4,2.37
40.785036,-73.970994,17,Fair,19.6,3.23
40.789080,-73.968586,14,Fair,9.9,2.39
40.788169,-73.970038,19,Fair,14.1,1.24
40.782656,-73.973513,19,Fair,20.8,2.77
40.789841,-73.968190,13,Good,10.5,2.21
40.785033,-73.970728,10,Poor,8.3,1.89
40.782582,-73.973338,11,Good,9.3,1.31
40.784815,-73.970210,5,Dead,8.7,10.69
40.784169,-73.972870,12,Good,13.9,2.52
40.782829,-73.973924,17,Good,21.1,2.20
40.774642,-73.965334,16,Unknown,11.9,1.62
40.787012,-73.969263,13,Fair,11.3,0.89
40.782847,-73.974651,20,Good,15.9,2.66
40.787659,-73.968833,17,Dead,10.5,4.07
40.782429,-73.972976,22,Good,18.9,1.24
40.782153,-73.972322,15,Poor,16.2,0.53
40.789967,-73.969452,15,Good,12.7,2.43
40.782023,-73.975251,27,Dead,21.3,2.15
40.781617,-73.975585,5,Good,17.3,1.23
40.784261,-73.972835,15,Good,14.0,2.16
40.781438,-73.975676,19,Fair,18.9,0.59
40.790119,-73.969377,3,Unknown,13.3,2.38
40.787777,-73.969399,12,Critical,12.1,1.55
40.784777,-73.972341,13,Dead,10.5,0.66
40.782230,-73.972507,23,Good,20.4,0.99
40.789687,-73.969660,18,Good,13.7,2.18
40.791936,-73.965101,5,Fair,14.0,12.30
40.784793,-73.972125,15,Fair,12.9,3.50
40.784087,-73.972420,7,Good,2.4,1.20
40.782280,-73.975064,18,Good,19.7,2.31
40.787172,-73.969895,16,Fair,15.0,1.41
40.782630,-73.973383,3,Dead,16.1,1.21
40.782339,-73.972763,7,Good,15.0,3.52
40.782631,-73.974808,0,Dead,21.5,1.03
40.785073,-73.970823,14,Good,12.0,1.91
40.782360,-73.975005,18,Good,21.4,4.56
40.798690,-73.971609,12,Unknown,9.5,2.54
40.786701,-73.955164,4,Unknown,4.7,1.38
40.781187,-73.975859,28,Good,24.9,3.89
40.783852,-73.971860,12,Fair,10.3,4.15
40.788025,-73.969698,12,Fair,15.9,2.67
40.799369,-73.966311,5,Good,2.4,1.87
40.789285,-73.968746,22,Good,14.7,1.38
40.789904,-73.968675,18,Fair,12.0,3.13
40.781646,-73.975525,17,Good,19.3,1.25
40.792097,-73.975368,17,Dead,43.9,2.70
40.788865,-73.951811,5,Good,15.9,5.54
40.787917,-73.951968,11,Good,12.2,0.27
40.788860,-73.951092,5,Fair,4.5,0.98
40.779654,-73.976227,18,Unknown,13.5,1.98
40.789690,-73.950488,7,Poor,3.5,1.56
40.779330,-73.960041,1,Unknown,4.5,8.45
40.790149,-73.950155,7,Good,6.1,0.35
40.781793,-73.977078,10,Unknown,10.7,4.33
40.787984,-73.952125,9,Fair,7.8,1.72
40.775175,-73.949587,15,Good,14.4,3.18
40.772578,-73.959198,12,Unknown,9.5,2.12
40.771619,-73.954956,15,Good,14.8,4.22
40.790735,-73.950477,5,Poor,5.8,1.10
40.774481,-73.979677,11,Good,12.3,0.96
40.788052,-73.952286,8,Fair,9.1,0.96
40.790683,-73.950353,6,Good,18.7,4.01
40.792573,-73.950136,4,Dead,6.6,1.45
40.790536,-73.977621,19,Fair,12.8,2.22
40.777971,-73.977888,12,Fair,12.1,1.19
40.792165,-73.950674,16,Good,11.9,3.06
40.780775,-73.978898,17,Fair,16.2,3.67
40.791821,-73.975836,24,Good,18.3,1.35
40.779483,-73.951399,16,Dead,13.4,1.72
40.767663,-73.957662,17,Fair,16.9,1.92
40.789417,-73.949610,14,Fair,11.7,2.63
40.781988,-73.978991,20,Fair,16.8,1.85
40.790577,-73.977981,5,Good,8.0,0.61
40.788819,-73.951702,6,Fair,5.5,1.12
40.792877,-73.975068,17,Good,16.2,0.81
40.776427,-73.964035,18,Good,16.0,1.38
40.788932,-73.951039,4,Dead,8.9,0.77
40.774433,-73.949771,10,Poor,8.7,2.47
40.779105,-73.960206,0,Dead,10.5,1.10
40.778815,-73.980153,16,Fair,14.3,0.18
40.785437,-73.951894,12,Dead,16.7,1.12
40.787610,-73.972914,15,Fair,15.3,3.50
40.780022,-73.978826,18,Dead,15.4,2.58
40.776700,-73.954898,12,Good,11.5,1.09
40.788120,-73.954053,1,Dead,21.1,2.51
40.793154,-73.949711,8,Good,5.5,0.34
40.777727,-73.953650,16,Good,11.7,2.81
40.790811,-73.951427,3,Poor,5.0,0.84
40.784744,-73.950253,15,Fair,12.6,2.08
40.786970,-73.949646,5,Dead,5.5,0.25
40.778605,-73.979652,13,Fair,16.0,0.70
40.788154,-73.952529,9,Fair,8.2,0.84
40.793297,-73.951726,15,Dead,12.7,1.56
40.775901,-73.949336,14,Dead,12.9,5.43
40.773710,-73.949772,16,Dead,10.3,4.08
40.790211,-73.950110,5,Fair,6.2,0.99
40.784198,-73.979491,4,Fair,6.1,7.64
40.791882,-73.950877,16,Good,10.3,1.66
40.775916,-73.957228,18,Good,16.3,2.74
40.789631,-73.950532,6,Good,5.1,0.70
40.788086,-73.952368,9,Fair,9.9,1.30
40.772740,-73.959551,10,Dead,10.6,1.29
40.788961,-73.952038,4,Good,14.0,14.77
40.771579,-73.954861,13,Fair,12.8,3.95
40.775265,-73.949508,10,Fair,9.9,1.75
40.775106,-73.949424,13,Good,13.4,0.92
40.790779,-73.950582,4,Fair,15.3,8.25
40.781029,-73.977518,0,Dead,13.0,1.87
40.789466,-73.949725,15,Fair,10.5,2.70
40.786690,-73.979598,16,Unknown,10.3,2.16
40.792193,-73.950038,6,Good,9.5,4.45
40.778873,-73.980290,10,Good,28.4,2.00
40.788307,-73.972621,12,Unknown,12.7,3.01
40.788721,-73.951469,6,Good,4.2,1.41
40.775769,-73.963083,17,Good,13.0,1.19
40.787612,-73.949223,5,Fair,5.9,0.21
40.790405,-73.977571,8,Good,4.7,6.51
40.783628,-73.975540,11,Fair,15.5,3.23
40.792235,-73.950138,7,Good,12.0,9.87
40.790295,-73.950048,4,Dead,18.3,6.53
40.787951,-73.952047,10,Fair,9.9,0.66
40.780631,-73.978556,11,Dead,11.2,1.84
40.791714,-73.972200,15,Dead,11.0,0.27
40.787041,-73.949814,4,Fair,3.3,0.54
40.771645,-73.956420,12,Dead,27.2,2.11
40.785533,-73.952386,0,Dead,11.9,1.66
40.775986,-73.957397,18,Good,16.2,1.95
40.784188,-73.976584,12,Fair,6.6,3.19
40.793383,-73.951662,9,Good,7.6,0.68
40.766147,-73.958220,17,Fair,16.8,1.49
40.793089,-73.949759,4,Dead,5.7,1.56
40.789339,-73.950743,5,Good,17.9,3.60
40.788434,-73.972890,19,Good,15.3,1.47
40.774008,-73.978552,18,Poor,16.1,1.15
40.775211,-73.949380,8,Poor,5.7,6.50
40.789252,-73.949219,4,Dead,14.2,10.91
40.779856,-73.952286,9,Fair,6.6,2.59
40.788677,-73.951364,7,Good,6.4,0.44
40.779216,-73.975187,18,Unknown,16.3,1.90
40.779620,-73.976147,12,Unknown,12.8,0.45
40.782868,-73.979667,14,Unknown,13.0,0.99
40.789060,-73.952275,4,Poor,10.6,5.86
40.791980,-73.950807,13,Good,9.7,3.23
40.780224,-73.977586,14,Fair,14.1,1.69
40.784802,-73.950649,22,Good,14.4,3.24
40.790852,-73.950755,5,Fair,17.3,4.13
40.788019,-73.952208,9,Fair,8.7,0.87
40.792425,-73.950244,4,Dead,12.1,3.09
40.790501,-73.950287,5,Poor,18.1,5.28
40.790699,-73.950760,3,Fair,3.9,0.86
40.789951,-73.950298,8,Good,5.8,1.72
40.789545,-73.949912,16,Dead,9.1,1.99
40.793105,-73.951868,8,Good,9.0,2.78
40.771543,-73.954781,0,Dead,12.8,0.76
40.789502,-73.950625,8,Good,5.1,1.27
40.789319,-73.949377,16,Poor,11.1,1.40
40.779079,-73.974862,18,Unknown,12.1,1.50
40.778176,-73.976664,13,Fair,14.9,1.76
40.775024,-73.949229,0,Dead,13.4,19.33
40.774598,-73.980205,17,Poor,17.9,1.23
40.793770,-73.949259,6,Good,4.2,8.75
40.776471,-73.954359,13,Good,11.8,1.82
40.784831,-73.950459,14,Good,10.5,1.50
40.778711,-73.979905,14,Dead,14.0,0.10
40.784357,-73.977570,9,Good,7.0,18.97
40.788739,-73.951179,4,Fair,5.6,0.91
40.788120,-73.952448,9,Fair,9.6,1.26
40.771680,-73.955100,17,Good,17.2,2.96
40.790024,-73.950245,7,Good,6.1,1.20
40.790913,-73.950899,4,Dead,5.2,1.03
40.791992,-73.971998,14,Fair,12.4,1.86
40.789592,-73.977193,22,Poor,18.5,1.82
40.790507,-73.977553,5,Fair,12.0,3.43
40.790623,-73.951563,3,Poor,2.5,0.91
40.792078,-73.950737,16,Good,11.5,1.86
40.788531,-73.973105,19,Fair,15.5,1.99
40.790618,-73.950565,5,Good,6.0,0.52
40.765452,-73.962454,12,Good,12.2,1.42
40.771500,-73.960821,19,Fair,18.3,1.92
40.784168,-73.979748,9,Fair,10.1,3.10
40.775188,-73.957210,22,Poor,15.8,1.48
40.772224,-73.958944,24,Dead,11.9,1.17
40.794786,-73.969557,13,Good,7.9,2.22
40.771246,-73.952354,14,Dead,11.1,2.75
40.788686,-73.973235,18,Fair,14.1,2.61
40.765283,-73.962056,14,Good,12.8,2.42
40.793115,-73.972914,14,Fair,8.4,1.49
40.776152,-73.978062,16,Poor,8.7,1.34
40.789693,-73.971676,18,Fair,2.2,4.86
40.779485,-73.975830,17,Good,15.4,1.37
40.788179,-73.980161,16,Good,13.8,4.04
40.788641,-73.978154,18,Dead,15.5,3.19
40.794536,-73.969258,10,Good,9.1,0.39
40.793934,-73.967834,11,Good,10.7,1.13
40.766347,-73.958689,8,Fair,12.3,3.38
40.771142,-73.966183,16,Dead,10.3,1.19
40.780125,-73.981571,0,Dead,12.3,1.83
40.766449,-73.952575,3,Good,10.5,0.16
40.776406,-73.978663,11,Good,10.2,2.49
40.766587,-73.959260,12,Fair,13.1,3.03
40.777184,-73.962205,7,Good,5.9,1.79
40.776805,-73.957656,5,Fair,6.1,1.20
40.788315,-73.972350,15,Good,15.9,1.37
40.788042,-73.980084,9,Good,9.8,1.01
40.766082,-73.958061,17,Good,16.3,2.21
40.788559,-73.976301,10,Good,12.8,3.37
40.783307,-73.980362,14,Good,14.4,2.19
40.768998,-73.968865,10,Dead,28.5,3.53
40.769534,-73.966260,11,Good,19.0,3.14
40.774166,-73.959005,16,Dead,13.9,6.61
40.774458,-73.953761,10,Poor,11.0,1.36
40.793990,-73.967896,7,Good,7.6,2.80
40.786266,-73.975623,6,Dead,8.0,2.18
40.798665,-73.949815,12,Good,13.3,1.15
40.779181,-73.975106,10,Dead,20.6,3.29
40.776200,-73.978176,12,Dead,18.6,3.37
40.799027,-73.970209,1,Unknown,8.3,3.77
40.788569,-73.976331,11,Good,12.8,3.37
40.794727,-73.969460,5,Good,10.3,7.39
40.765668,-73.962966,14,Good,11.7,2.13
40.788512,-73.979236,13,Good,18.4,3.04
40.788466,-73.972710,18,Good,17.3,2.04
40.765146,-73.961733,16,Good,12.4,2.94
40.793675,-73.967222,10,Good,9.6,1.34
40.795217,-73.971407,9,Dead,11.3,3.06
40.783610,-73.980166,12,Good,12.8,2.59
40.784126,-73.979819,16,Poor,11.5,1.92
40.789591,-73.971411,3,Poor,9.1,3.07
40.770246,-73.965743,10,Unknown,9.3,0.22
40.798949,-73.950491,9,Good,8.6,1.46
40.795782,-73.975627,20,Dead,20.7,2.36
40.766547,-73.959163,14,Fair,13.4,2.60
40.788353,-73.972442,18,Fair,15.2,1.77
40.765479,-73.962519,12,Good,12.2,3.40
40.765840,-73.968874,12,Fair,13.3,2.29
40.766419,-73.967475,13,Fair,11.5,2.00
40.766377,-73.958762,14,Good,11.6,2.39
40.794731,-73.969648,14,Good,10.6,2.56
40.780204,-73.981584,0,Dead,5.5,5.66
40.777270,-73.980466,0,Dead,11.5,3.15
40.775580,-73.978648,14,Unknown,12.8,3.67
40.771291,-73.952463,11,Fair,14.7,2.95
40.771551,-73.960943,17,Fair,20.8,2.95
40.765310,-73.962120,8,Good,12.0,2.01
40.772121,-73.958370,12,Fair,11.7,2.24
40.772879,-73.963842,16,Fair,16.3,1.49
40.785314,-73.981237,13,Good,12.4,0.61
40.789966,-73.972303,11,Good,9.8,3.52
40.798266,-73.970342,11,Good,17.5,3.11
40.775292,-73.957457,22,Good,15.1,4.26
40.786135,-73.975562,3,Dead,6.4,10.76
40.798319,-73.960462,8,Good,11.7,14.12
40.776414,-73.952233,9,Fair,10.5,2.46
40.771469,-73.952887,17,Good,18.2,4.15
40.776366,-73.978568,8,Fair,9.3,2.16
40.764509,-73.967658,13,Good,17.2,3.39
40.775336,-73.951920,9,Dead,10.3,2.66
40.793926,-73.967598,5,Dead,4.7,2.48
40.795336,-73.973665,16,Dead,15.3,3.54
40.773984,-73.958848,18,Dead,8.0,2.05
40.799005,-73.950624,20,Dead,6.3,3.14
40.768467,-73.959577,14,Fair,13.7,1.19
40.788562,-73.978212,19,Fair,19.4,2.93
40.778956,-73.974572,23,Good,21.8,1.48
40.776345,-73.952068,9,Fair,9.4,2.19
40.774429,-73.953443,9,Fair,7.4,1.42
40.765949,-73.957746,12,Dead,21.3,2.51
40.788520,-73.976304,12,Dead,12.8,3.05
40.783322,-73.980388,17,Good,14.4,1.19
40.788215,-73.980245,16,Good,14.9,2.33
40.774502,-73.953615,9,Good,8.8,2.50
40.765559,-73.962709,15,Good,11.6,3.56
40.780712,-73.958242,6,Dead,6.8,0.93
40.777219,-73.980345,17,Dead,12.6,1.16
40.783545,-73.980256,11,Dead,12.6,1.88
40.774823,-73.952405,18,Fair,13.5,3.29
40.788652,-73.973154,16,Fair,14.3,2.19
40.775488,-73.957922,19,Good,14.7,1.65
40.793666,-73.967132,6,Dead,5.7,2.80
40.771301,-73.952230,16,Dead,11.8,2.10
40.786245,-73.971379,10,Good,8.1,0.82
40.766191,-73.958320,14,Fair,16.4,1.84
40.788651,-73.976265,14,Good,12.6,1.73
40.793053,-73.972960,0,Dead,15.4,2.00
40.798322,-73.950677,17,Good,12.0,1.14
40.794124,-73.968214,9,Dead,6.2,1.08
40.788390,-73.972529,16,Good,14.0,0.95
40.798268,-73.960341,8,Fair,11.7,16.28
40.798159,-73.960560,0,Dead,16.6,1.99
40.798892,-73.950354,18,Fair,7.5,0.21
40.786170,-73.975644,3,Fair,7.3,9.90
40.774116,-73.959163,13,Good,16.1,0.54
40.798936,-73.969991,12,Fair,10.4,0.26
40.770202,-73.965637,14,Dead,10.3,2.15
40.795714,-73.975757,4,Dead,21.1,7.20
40.794674,-73.969584,11,Fair,10.0,1.77
40.783705,-73.980112,16,Good,12.4,4.12
40.784497,-73.955506,20,Fair,18.9,3.05
40.776334,-73.978493,11,Fair,8.6,2.75
40.788156,-73.980355,16,Fair,15.1,4.11
40.775940,-73.979498,12,Fair,18.0,2.72
40.786633,-73.971929,15,Dead,10.1,1.59
40.793855,-73.967578,13,Good,8.6,0.95
40.787905,-73.979506,7,Good,10.8,5.23
40.788763,-73.976099,20,Good,13.8,1.87
40.788029,-73.979802,13,Fair,12.2,1.59
40.765337,-73.962184,15,Good,12.3,2.02
40.777095,-73.961993,12,Fair,13.0,1.60
40.777017,-73.980119,13,Fair,12.3,2.42
40.770694,-73.960871,12,Fair,11.5,3.26
40.797861,-73.949579,18,Fair,12.0,0.93
40.788210,-73.972098,19,Good,15.7,3.00
40.780070,-73.981587,11,Poor,13.2,3.18
40.783464,-73.980250,11,Good,12.5,1.83
40.769528,-73.962967,14,Fair,15.0,1.50
40.765756,-73.968675,16,Fair,11.0,1.18
40.788257,-73.980345,14,Fair,11.9,1.29
40.772059,-73.964121,14,Fair,14.4,4.86
40.788569,-73.976249,20,Fair,11.7,0.85
40.777856,-73.960877,11,Fair,10.8,1.82
40.789902,-73.972185,13,Fair,19.0,1.32
40.794343,-73.968800,6,Poor,6.0,1.73
40.764475,-73.967578,13,Unknown,13.4,2.05
40.766507,-73.959069,12,Fair,12.4,0.94
40.793015,-73.973027,11,Fair,15.8,1.19
40.765201,-73.961862,13,Good,12.0,1.90
40.788555,-73.972922,18,Good,16.4,2.80
40.775380,-73.957666,18,Good,15.6,1.81
40.795371,-73.973747,14,Dead,19.1,3.84
40.784230,-73.979714,14,Fair,8.2,2.42
40.782016,-73.980988,17,Good,15.9,3.10
40.766272,-73.958511,15,Good,15.3,1.34
40.765529,-73.966455,17,Fair,14.8,2.67
40.774321,-73.953439,14,Fair,12.9,1.53
40.776024,-73.977759,13,Fair,11.4,2.09
40.798834,-73.950217,16,Fair,11.2,3.39
40.766269,-73.967955,18,Good,13.7,1.89
40.788134,-73.980052,17,Dead,11.1,2.38
40.798222,-73.960232,7,Poor,6.7,18.82
40.779436,-73.975713,0,Dead,14.7,1.58
40.774779,-73.954269,10,Fair,11.6,0.50
40.773881,-73.958340,0,Dead,16.1,2.47
40.774073,-73.959061,12,Poor,14.4,1.21
40.776627,-73.957786,0,Dead,5.6,0.54
40.776463,-73.978798,3,Dead,8.1,7.11
40.786271,-73.971442,7,Good,7.7,1.28
40.794331,-73.968703,13,Unknown,7.7,1.71
40.798999,-73.970142,1,Unknown,10.3,0.66
40.765255,-73.961991,14,Good,13.1,2.42
40.783642,-73.980148,15,Good,12.8,1.50
40.794469,-73.969100,6,Fair,6.0,1.47
40.765391,-73.962312,11,Dead,11.5,2.58
40.786231,-73.975542,8,Good,6.4,2.14
40.784386,-73.979601,14,Good,11.9,1.74
40.779148,-73.975030,16,Dead,12.8,1.70
40.776271,-73.978344,10,Dead,2.3,2.47
40.784009,-73.981535,11,Fair,11.7,0.27
40.788278,-73.972262,17,Good,16.1,1.67
40.765364,-73.962247,12,Good,11.5,3.89
40.764424,-73.967456,13,Dead,11.2,2.14
40.774290,-73.953367,10,Dead,11.3,0.97
40.794443,-73.969037,6,Dead,6.8,1.45
40.783426,-73.980347,18,Dead,15.3,2.99
40.788505,-73.972803,23,Fair,17.3,2.20
40.765174,-73.961798,14,Fair,12.7,1.40
40.793922,-73.967737,18,Good,12.8,1.79
40.795873,-73.975461,32,Dead,18.1,2.96
40.795184,-73.971372,11,Poor,13.0,3.26
40.788311,-73.980474,12,Dead,18.9,4.57
40.776056,-73.977835,12,Fair,11.1,1.69
40.768762,-73.966097,12,Good,10.3,2.07
40.765506,-73.962583,10,Good,12.0,2.56
40.798778,-73.950083,15,Good,10.9,2.06
40.777164,-73.980213,13,Fair,11.5,2.90
40.788114,-73.976721,17,Fair,15.3,1.05
40.789473,-73.971128,5,Fair,15.6,1.15
40.764616,-73.972875,3,Good,6.0,55.63
40.782059,-73.977750,16,Fair,12.4,3.55
40.777708,-73.977262,16,Dead,13.7,1.56
40.765705,-73.975994,19,Good,12.0,9.18
40.765936,-73.976511,24,Good,10.9,1.01
40.774098,-73.954888,9,Dead,11.2,1.88
40.769240,-73.963356,18,Dead,12.8,0.47
40.775829,-73.951132,10,Fair,11.6,1.64
40.776403,-73.954445,17,Good,14.3,3.86
40.768373,-73.953148,10,Dead,9.7,2.52
40.777283,-73.960208,12,Good,12.4,2.55
40.778102,-73.960188,14,Good,12.4,2.33
40.794277,-73.970331,13,Good,11.6,0.76
40.766199,-73.964166,18,Good,16.4,2.05
40.767648,-73.965403,4,Good,5.0,4.42
40.773158,-73.956641,3,Excellent,14.3,0.87
40.774485,-73.959772,17,Good,16.6,0.54
40.767963,-73.965872,6,Good,2.7,1.08
40.771398,-73.960328,23,Fair,16.4,1.74
40.778943,-73.978483,16,Fair,15.9,3.45
40.779000,-73.978619,18,Fair,15.1,2.16
40.765749,-73.966719,26,Poor,25.1,2.53
40.777874,-73.961873,17,Fair,12.5,1.87
40.778061,-73.949969,10,Critical,12.9,2.19
40.773266,-73.957154,19,Good,20.8,2.61
40.778136,-73.976570,16,Dead,10.4,2.67
40.768350,-73.965592,5,Poor,6.6,5.65
40.774636,-73.962104,9,Good,8.2,2.60
40.766728,-73.961540,14,Fair,7.4,2.20
40.776157,-73.953864,13,Fair,12.4,1.15
40.781855,-73.977267,16,Fair,11.2,0.51
40.765749,-73.964763,12,Dead,8.6,2.21
40.765150,-73.965304,22,Fair,22.8,3.19
40.772911,-73.956311,18,Poor,13.5,3.41
40.777354,-73.976417,15,Good,11.7,1.75
40.774062,-73.960742,12,Good,12.0,1.45
40.781784,-73.975736,15,Fair,10.4,1.62
40.787078,-73.949647,1,Unknown,9.9,2.44
40.764934,-73.964796,2,Good,12.4,2.01
40.778724,-73.949861,10,Fair,12.7,1.86
40.791067,-73.971353,3,Good,10.0,2.57
40.765738,-73.976070,10,Good,12.0,9.56
40.765190,-73.965398,21,Good,22.7,3.08
40.779389,-73.979541,13,Good,11.7,2.81
40.769405,-73.961803,17,Fair,14.8,0.94
40.772384,-73.957034,12,Good,19.9,2.27
40.774445,-73.959677,18,Good,17.6,1.40
40.775962,-73.951447,7,Fair,16.7,0.42
40.767338,-73.966326,18,Poor,10.6,2.84
40.765904,-73.976436,25,Fair,10.9,6.92
40.769404,-73.963745,5,Good,5.3,1.77
40.765033,-73.965029,20,Fair,18.5,1.21
40.765629,-73.964478,15,Good,15.6,2.40
40.768067,-73.965797,19,Good,26.7,2.35
40.766213,-73.965875,12,Dead,8.4,2.37
40.769570,-73.962195,13,Good,15.7,1.27
40.778117,-73.950101,13,Fair,11.2,3.72
40.769385,-73.963953,17,Good,15.3,0.16
40.765693,-73.966586,24,Good,22.2,2.53
40.766608,-73.961255,15,Fair,13.7,3.59
40.775919,-73.954996,14,Fair,14.2,2.04
40.764768,-73.972761,3,Good,9.5,36.41
40.776579,-73.954863,13,Fair,12.2,1.17
40.773230,-73.957070,13,Fair,13.7,2.47
40.781408,-73.976208,16,Dead,10.9,0.64
40.785534,-73.955513,16,Good,14.0,1.15
40.776576,-73.956567,10,Dead,9.2,1.14
40.766549,-73.961116,23,Dead,15.2,2.20
40.764971,-73.965130,22,Unknown,19.5,1.71
40.771968,-73.961940,17,Dead,26.1,2.88
40.777880,-73.977672,14,Dead,10.6,3.17
40.776275,-73.952191,13,Good,14.3,1.62
40.772792,-73.955768,14,Good,13.3,3.64
40.781740,-73.976993,10,Good,11.4,1.48
40.778766,-73.961761,16,Dead,9.8,1.36
40.776781,-73.960985,0,Dead,10.1,2.65
40.776647,-73.956733,18,Good,14.0,3.61
40.772866,-73.956203,12,Poor,14.1,1.02
40.774302,-73.955111,14,Dead,11.9,0.79
40.776098,-73.953723,3,Dead,4.1,1.10
40.778316,-73.950572,15,Dead,13.6,3.52
40.772881,-73.955979,16,Fair,12.6,1.74
40.770160,-73.967709,10,Good,9.6,1.40
40.777744,-73.977599,11,Fair,18.4,2.91
40.766097,-73.963924,19,Good,15.2,4.23
40.778151,-73.950181,8,Fair,13.4,0.84
40.778301,-73.976961,13,Good,13.6,1.82
40.773074,-73.956441,16,Dead,12.6,1.33
40.778466,-73.977349,5,Fair,11.0,5.77
40.774519,-73.960113,16,Good,17.6,3.18
40.765891,-73.967057,21,Good,20.4,3.92
40.781587,-73.958595,3,Unknown,15.4,1.10
40.765751,-73.976102,4,Good,3.5,10.20
40.767605,-73.967519,10,Fair,12.4,2.22
40.794249,-73.970623,20,Good,15.0,2.92
40.769446,-73.963844,19,Good,15.3,2.46
40.766320,-73.966128,15,Good,16.7,0.58
40.778602,-73.949284,10,Good,12.1,11.18
40.778538,-73.949428,10,Dead,12.1,3.60
40.775454,-73.953902,15,Fair,13.5,1.78
40.772789,-73.956021,15,Good,17.1,1.06
40.768167,-73.965724,18,Good,9.6,0.40
40.769455,-73.961923,16,Fair,16.0,3.32
40.777811,-73.977506,14,Fair,12.6,2.77
40.765222,-73.965475,21,Good,21.6,2.33
40.768176,-73.966914,14,Fair,18.2,1.42
40.775461,-73.954183,12,Fair,10.5,1.03
40.765646,-73.966475,24,Good,21.1,3.25
40.765871,-73.976358,13,Fair,17.8,8.98
40.781577,-73.976608,18,Fair,13.8,1.51
40.771561,-73.962678,20,Good,16.1,2.18
40.774131,-73.954706,14,Fair,11.6,1.00
40.778281,-73.950490,12,Fair,12.3,3.64
40.794379,-73.970256,13,Good,11.5,1.10
40.782198,-73.978078,13,Good,13.3,2.19
40.774532,-73.955656,12,Good,15.1,2.13
40.769200,-73.963259,11,Good,11.8,2.75
40.780259,-73.949345,11,Fair,7.8,2.37
40.775809,-73.955005,3,Poor,7.9,6.17
40.776104,-73.955430,16,Fair,13.0,2.38
40.772920,-73.956074,0,Dead,15.8,1.72
40.771932,-73.961855,3,Fair,14.4,1.88
40.766516,-73.961038,16,Fair,14.9,1.49
40.776604,-73.960042,0,Dead,11.0,1.62
40.775020,-73.957065,12,Good,13.2,2.61
40.776321,-73.954253,10,Good,10.3,1.67
40.764721,-73.972797,3,Good,9.5,42.47
40.778837,-73.978232,16,Fair,14.9,3.08
40.781956,-73.977506,16,Fair,13.5,2.41
40.787530,-73.980850,15,Fair,17.0,2.29
40.768853,-73.962695,21,Fair,17.1,1.66
40.777051,-73.953751,0,Dead,10.1,1.74
40.765939,-73.967172,13,Good,10.3,1.65
40.767043,-73.965909,4,Good,13.3,8.05
40.771285,-73.962282,23,Fair,19.7,1.42
40.774519,-73.959855,18,Good,14.7,0.97
40.765673,-73.975915,2,Good,21.7,10.21
40.781677,-73.976845,15,Good,17.1,3.70
40.765966,-73.976585,25,Good,16.2,6.13
40.765115,-73.965222,20,Good,23.4,2.92
40.765831,-73.966914,22,Good,25.6,2.02
40.778132,-73.960260,13,Fair,11.6,1.11
40.766145,-73.964039,17,Fair,11.2,4.30
40.771827,-73.961603,16,Fair,13.8,3.81
40.773124,-73.956561,15,Good,15.4,1.66
40.768966,-73.962962,13,Fair,15.4,3.12
40.765100,-73.965437,21,Fair,20.6,0.39
40.777316,-73.960287,13,Good,15.2,2.36
40.794300,-73.970745,21,Fair,14.0,2.71
40.785028,-73.954821,16,Fair,7.6,2.41
40.798387,-73.973744,29,Good,23.0,3.25
40.769493,-73.962013,17,Fair,15.2,1.90
40.771870,-73.961706,16,Fair,17.9,1.53
40.791116,-73.971469,13,Dead,14.4,3.08
40.772952,-73.956150,16,Fair,15.1,0.68
40.775572,-73.954180,14,Good,13.9,2.43
40.775749,-73.950942,13,Good,14.0,3.00
40.767761,-73.969545,9,Unknown,9.7,0.84
40.774097,-73.960826,12,Good,11.5,2.77
40.781906,-73.977387,14,Fair,10.0,1.29
40.766487,-73.960968,15,Fair,14.9,1.80
40.791333,-73.971983,12,Dead,11.3,1.32
40.770051,-73.963336,16,Fair,14.2,1.41
40.776515,-73.960107,10,Dead,10.9,2.10
40.766698,-73.961467,15,Fair,12.4,1.97
40.765796,-73.966832,24,Fair,25.3,3.06
40.778642,-73.949664,19,Fair,14.5,1.65
40.764670,-73.972835,3,Good,9.5,48.86
40.778030,-73.960018,17,Dead,13.7,2.15
40.771934,-73.961598,10,Fair,31.5,2.41
40.781636,-73.976748,19,Fair,11.9,3.80
40.765866,-73.965040,15,Good,13.8,1.40
40.790182,-73.949474,9,Fair,6.2,0.91
40.788210,-73.952330,3,Good,4.7,0.97
40.780974,-73.977142,13,Fair,11.5,2.25
40.788803,-73.971916,18,Good,21.3,3.74
40.784406,-73.951386,20,Fair,15.4,1.47
40.784900,-73.950887,15,Fair,9.7,2.61
40.781145,-73.977549,12,Fair,13.1,2.03
40.785420,-73.952116,18,Fair,16.6,2.01
40.788383,-73.952620,4,Good,3.8,1.98
40.780357,-73.977647,19,Fair,13.8,0.49
40.787896,-73.973305,16,Dead,15.3,1.03
40.788423,-73.952700,4,Good,6.5,3.23
40.787568,-73.972527,18,Good,16.0,1.62
40.788071,-73.950329,4,Good,6.3,0.45
40.785363,-73.951717,14,Fair,14.8,2.13
40.784679,-73.950360,15,Fair,12.8,1.87
40.799332,-73.954878,28,Poor,17.8,2.79
40.784853,-73.950773,15,Good,12.6,2.07
40.789647,-73.949897,16,Good,13.4,3.09
40.781188,-73.977650,12,Dead,8.3,0.73
40.783552,-73.951574,15,Dead,14.3,2.38
40.785390,-73.952045,17,Good,17.7,2.99
40.790088,-73.949726,10,Good,5.2,1.10
40.780944,-73.977071,13,Fair,12.4,0.76
40.788871,-73.972056,20,Fair,20.1,2.67
40.784130,-73.950735,16,Fair,13.1,1.85
40.787520,-73.972412,15,Good,15.1,2.30
40.780143,-73.977139,20,Fair,13.3,3.14
40.788441,-73.952736,4,Good,7.1,0.23
40.787905,-73.949936,5,Good,6.0,0.93
40.780908,-73.976985,13,Dead,12.8,1.51
40.784490,-73.951583,17,Dead,14.0,1.32
40.785502,-73.952310,19,Fair,13.8,2.67
40.785527,-73.952109,0,Dead,12.7,0.64
40.781231,-73.977752,15,Dead,11.6,1.71
40.787747,-73.951235,4,Unknown,6.8,1.15
40.788325,-73.952608,7,Good,5.1,2.81
40.790092,-73.949260,8,Good,6.4,0.82
40.792408,-73.950862,22,Fair,13.4,1.92
40.788413,-73.952812,4,Good,5.2,0.92
40.789600,-73.949784,12,Fair,13.3,2.72
40.787733,-73.972919,22,Good,15.2,2.28
40.787439,-73.972220,15,Dead,12.7,3.13
40.781010,-73.977228,15,Fair,15.1,3.22
40.781802,-73.979035,19,Fair,14.1,0.77
40.780840,-73.978793,14,Fair,13.2,2.39
40.799200,-73.954565,21,Fair,15.3,2.69
40.784708,-73.950428,16,Fair,13.3,1.09
40.787704,-73.951134,3,Unknown,17.6,4.14
40.785467,-73.951954,1,Dead,16.7,0.53
40.784239,-73.979904,19,Fair,12.9,0.67
40.792360,-73.950749,19,Fair,13.3,1.55
40.788347,-73.952494,6,Good,4.9,0.53
40.787666,-73.972760,20,Fair,17.5,3.57
40.796571,-73.974459,23,Fair,22.2,2.80
40.779430,-73.962046,5,Good,6.7,13.84
40.778372,-73.962858,5,Good,3.1,15.02
40.778508,-73.962719,5,Good,7.9,9.53
40.779613,-73.961952,5,Good,11.3,17.52
40.778329,-73.962889,5,Good,3.1,11.55
40.779387,-73.962078,5,Good,11.0,14.57
40.779656,-73.961920,5,Good,6.6,18.73
40.778403,-73.962796,5,Good,10.7,13.21
40.779486,-73.962044,5,Good,6.7,16.42
40.778521,-73.962749,5,Good,7.9,12.32
40.780032,-73.961645,6,Good,21.6,22.32
40.779442,-73.962076,5,Good,6.7,16.66
40.778338,-73.962843,5,Good,3.1,15.44
40.779622,-73.961906,5,Good,11.3,16.66
40.779399,-73.962108,5,Good,11.0,17.45
40.778381,-73.962812,5,Good,10.7,14.68
40.779591,-73.961967,5,Good,11.3,16.44
40.779473,-73.962015,5,Good,6.7,13.55
40.778499,-73.962765,5,Good,9.8,12.24
40.779570,-73.961983,5,Good,11.3,15.76
40.778350,-73.962873,5,Good,3.1,13.12
40.779634,-73.961936,5,Good,11.3,18.94
40.778575,-73.962672,5,Good,12.6,10.42
40.778394,-73.962842,5,Good,10.7,17.08
40.778542,-73.962733,5,Good,7.9,12.01
40.779579,-73.961937,5,Good,11.3,13.74
40.779408,-73.962062,5,Good,6.2,14.51
40.779464,-73.962060,5,Good,6.7,16.31
40.778487,-73.962735,5,Good,9.8,9.36
40.778316,-73.962859,5,Good,3.1,14.14
40.779557,-73.961953,5,Good,11.3,12.92
40.778564,-73.962717,5,Good,7.9,12.31
40.779421,-73.962092,5,Good,6.2,17.30
40.779600,-73.961922,5,Good,11.3,15.02
40.778530,-73.962703,5,Good,7.9,9.12
40.778415,-73.962826,5,Good,8.9,15.73
40.779643,-73.961890,5,Good,6.6,15.90
40.778359,-73.962828,5,Good,10.7,16.47
40.779451,-73.962030,5,Good,6.7,13.42
40.796849,-73.973878,34,Good,8.0,2.84
40.769424,-73.955909,3,Excellent,14.9,2.50
40.777122,-73.956156,18,Dead,13.6,2.05
40.785199,-73.951092,20,Fair,16.8,3.37
40.779605,-73.976111,4,Fair,17.3,3.89
40.774260,-73.953045,2,Dead,17.8,2.97
40.788225,-73.950659,3,Excellent,16.4,4.52
40.785646,-73.950858,18,Good,12.8,1.82
40.775233,-73.949422,5,Good,5.7,2.59
40.786733,-73.950752,3,Unknown,4.6,11.85
40.775366,-73.953958,3,Good,15.5,2.89
40.769126,-73.949254,3,Excellent,13.4,24.83
40.785589,-73.950689,23,Good,17.1,1.97
40.788274,-73.950775,3,Excellent,15.9,2.59
40.785412,-73.950599,22,Good,15.4,2.27
40.788334,-73.950865,3,Excellent,17.5,4.02
40.769181,-73.949437,3,Excellent,13.4,8.52
40.798999,-73.970142,3,Good,10.3,0.66
40.789128,-73.977512,2,Dead,15.5,7.86
40.784899,-73.972379,6,Good,12.6,0.31
40.779236,-73.974985,3,Dead,15.9,0.39
40.785528,-73.950561,22,Good,17.3,2.84
40.767608,-73.957532,6,Fair,3.4,1.53
40.785589,-73.950945,19,Fair,14.0,2.17
40.784327,-73.973237,6,Good,9.4,8.23
40.779216,-73.975187,3,Dead,16.3,1.90
40.769381,-73.949865,3,Dead,16.9,3.09
40.785471,-73.950409,21,Good,46.4,3.54
40.783673,-73.951859,3,Excellent,14.4,2.22
40.786661,-73.950579,3,Unknown,7.2,9.83
40.776477,-73.954623,4,Good,19.0,2.61
40.799027,-73.970209,3,Good,8.3,3.77
40.779079,-73.974862,2,Dead,12.1,1.50
40.767625,-73.957549,6,Fair,15.8,1.34
40.785523,-73.950998,20,Good,15.9,3.36
40.783497,-73.971286,3,Excellent,5.8,0.94
40.767639,-73.957586,6,Fair,16.1,1.65
40.787891,-73.979449,3,Excellent,12.2,0.90
40.776763,-73.957475,4,Poor,5.2,1.21
40.786701,-73.955163,7,Good,4.7,1.36
40.774205,-73.954882,12,Dead,11.7,3.09
40.784344,-73.955143,17,Fair,15.0,3.53
40.768393,-73.959402,11,Poor,14.5,2.06
40.769289,-73.963469,18,Dead,16.8,4.68
40.775229,-73.957566,8,Fair,17.0,1.45
40.797608,-73.967179,14,Good,13.7,2.45
40.765170,-73.958146,22,Good,14.2,3.12
40.765021,-73.958856,14,Good,16.3,2.52
40.765535,-73.958794,33,Good,17.1,2.15
40.765132,-73.959251,17,Good,13.1,2.84
40.764841,-73.958385,31,Fair,17.0,2.10
40.765156,-73.958741,26,Good,18.0,0.79
40.764887,-73.958355,28,Good,17.1,2.73
40.765096,-73.959157,17,Fair,17.5,1.50
40.765161,-73.959338,19,Good,14.5,1.77
40.765732,-73.965004,10,Dead,13.0,1.23
40.764930,-73.958321,29,Good,16.1,3.52
40.764867,-73.958601,19,Good,12.4,1.04
40.765288,-73.958650,24,Fair,14.2,2.67
40.764984,-73.958776,19,Good,15.4,1.48
40.796858,-73.967651,20,Good,17.9,1.60
40.765320,-73.958499,9,Good,11.6,1.26
40.765040,-73.958479,16,Dead,16.1,1.30
40.765232,-73.958099,16,Good,15.5,2.70
40.796782,-73.967463,21,Good,18.9,0.38
40.797575,-73.967093,12,Good,10.7,0.91
40.779126,-73.981437,22,Fair,20.1,1.33
40.765272,-73.958205,8,Fair,11.7,1.29
40.765345,-73.958613,13,Good,16.2,2.23
40.764819,-73.958476,9,Good,16.3,1.91
40.765049,-73.959055,32,Fair,17.8,3.48
40.764899,-73.958629,11,Good,12.4,3.24
40.764926,-73.958772,12,Good,11.9,1.36
40.797390,-73.974904,8,Good,18.4,2.16
40.778991,-73.981543,16,Good,18.3,2.50
40.765083,-73.958336,24,Good,14.5,2.90
40.796641,-73.967579,21,Good,21.1,1.65
40.765621,-73.958995,29,Good,17.2,3.10
40.765006,-73.958385,24,Good,15.7,2.37
40.764871,-73.958443,9,Good,15.3,3.58
40.792823,-73.949376,23,Good,17.1,4.18
40.765347,-73.958376,10,Fair,10.9,0.39
40.779300,-73.981432,20,Fair,16.6,2.44
40.779123,-73.978921,2,Dead,11.9,2.19
40.796605,-73.967518,18,Fair,20.1,4.23
40.797034,-73.967410,23,Good,19.3,4.04
40.765017,-73.958972,22,Good,14.0,2.99
40.765284,-73.958429,7,Good,11.1,1.12
40.765130,-73.958618,14,Good,14.6,1.03
40.792171,-73.949836,26,Good,15.4,3.15
40.764793,-73.958418,19,Good,16.8,3.43
40.765174,-73.958249,10,Good,9.9,1.35
40.765076,-73.958577,18,Fair,13.3,1.75
40.765308,-73.958279,19,Fair,13.3,1.40
40.765235,-73.958684,26,Fair,17.0,3.68
40.765467,-73.958644,28,Good,15.4,2.46
40.796978,-73.967827,22,Good,16.8,3.49
40.765379,-73.958566,13,Good,9.1,2.41
40.764985,-73.958911,22,Good,18.0,1.43
40.765036,-73.958239,20,Good,17.5,0.58
40.792392,-73.949710,17,Good,12.2,2.63
40.769136,-73.950310,18,Good,16.7,1.24
40.796285,-73.975419,27,Fair,18.6,2.05
40.796946,-73.974716,8,Good,25.2,2.77
40.769524,-73.949323,20,Fair,14.3,14.12
40.792086,-73.949617,17,Dead,15.0,3.14
40.788698,-73.971653,16,Fair,19.5,3.01
40.795390,-73.968889,18,Good,18.7,1.84
40.768911,-73.950416,15,Good,5.8,1.47
40.769143,-73.950014,27,Good,18.9,1.70
40.779302,-73.981545,25,Fair,18.3,3.49
40.797053,-73.975386,40,Fair,17.2,2.95
40.795648,-73.968743,20,Good,17.6,4.19
40.792133,-73.949456,26,Good,20.2,1.86
40.796981,-73.975307,8,Fair,18.9,3.59
40.779160,-73.981588,20,Fair,18.8,2.48
40.768640,-73.949614,21,Fair,13.6,2.74
40.769298,-73.950193,14,Fair,46.6,2.70
40.769266,-73.950171,14,Poor,15.6,3.13
40.781827,-73.978157,17,Good,15.2,3.19
40.795301,-73.976534,29,Good,17.7,4.82
40.795715,-73.968125,9,Excellent,15.2,3.74
40.788495,-73.971777,21,Fair,22.8,2.31
40.769593,-73.949572,20,Fair,11.9,2.74
40.796791,-73.974785,8,Fair,16.4,2.28
40.769484,-73.949758,26,Good,18.2,3.56
40.789609,-73.968444,10,Good,12.8,1.04
40.769438,-73.949449,27,Fair,17.0,5.55
40.781767,-73.978695,10,Good,5.0,3.21
40.768672,-73.949449,20,Fair,13.5,6.92
40.769001,-73.950125,18,Good,13.4,3.17
40.769283,-73.949370,22,Good,16.9,13.31
40.769095,-73.950331,12,Good,15.8,1.79
40.792851,-73.949453,21,Good,20.2,3.51
40.792155,-73.949339,25,Good,20.0,2.85
40.768713,-73.949316,19,Good,12.1,17.30
40.768653,-73.949733,21,Fair,15.3,5.37
40.797361,-73.975392,11,Fair,5.0,1.14
40.797350,-73.974859,8,Good,20.4,2.88
40.779085,-73.981461,17,Fair,19.2,3.35
40.769801,-73.949419,20,Fair,15.0,6.28
40.768879,-73.950217,19,Good,15.9,3.96
40.788755,-73.971816,17,Fair,22.1,0.83
40.768717,-73.949560,26,Fair,13.8,2.45
40.769174,-73.950105,18,Good,20.5,1.77
40.769153,-73.949512,25,Good,16.2,3.45
40.769205,-73.950226,13,Good,13.4,3.39
40.769477,-73.949356,18,Good,14.3,12.37
40.795727,-73.968810,16,Fair,16.2,1.53
40.782365,-73.973615,38,Good,25.6,2.87
40.788718,-73.971847,19,Fair,22.4,3.42
40.797641,-73.967254,13,Good,8.6,2.82
40.796671,-73.974987,8,Good,18.7,3.45
40.778938,-73.981571,17,Fair,17.0,1.56
40.797181,-73.975160,8,Good,21.9,1.78
40.799375,-73.974014,26,Good,18.8,2.26
40.795676,-73.968944,17,Good,17.2,4.95
40.788650,-73.971631,17,Fair,21.9,3.07
40.796670,-73.967480,18,Fair,20.1,4.53
40.795655,-73.968717,18,Good,18.4,4.07
40.781944,-73.978571,25,Good,18.6,1.45
40.769532,-73.949574,19,Good,16.2,2.05
40.796513,-73.967568,22,Fair,20.2,2.74
40.768822,-73.949204,19,Good,12.1,25.93
40.796893,-73.974985,8,Fair,14.7,5.56
40.769590,-73.949203,18,Good,14.4,25.42
40.768587,-73.949520,20,Fair,15.2,2.44
40.769340,-73.949245,26,Good,16.6,24.95
40.789676,-73.968711,12,Good,13.6,1.72
40.792174,-73.949550,27,Good,17.9,2.09
40.797535,-73.966999,18,Fair,12.6,0.22
40.768760,-73.949271,18,Dead,12.1,19.81
40.768554,-73.949429,21,Good,15.2,10.78
40.796760,-73.967414,18,Good,19.4,4.63
40.795602,-73.968520,19,Excellent,9.1,4.21
40.796542,-73.967624,23,Good,20.2,0.74
40.795580,-73.968863,17,Good,19.1,0.93
40.795756,-73.968885,16,Good,14.9,1.88
40.795480,-73.968228,14,Excellent,14.4,1.16
40.782139,-73.972470,23,Good,19.2,3.46
40.799370,-73.974210,28,Fair,17.3,4.17
40.768739,-73.949917,20,Fair,13.6,4.74
40.795486,-73.969081,20,Good,18.9,5.77
40.796385,-73.975517,38,Poor,18.4,3.91
40.781872,-73.978269,20,Good,16.0,3.45
40.796937,-73.975237,28,Good,17.7,2.23
40.768964,-73.950443,16,Fair,51.3,3.01
40.768778,-73.950023,28,Good,15.8,1.74
40.797528,-73.975280,14,Fair,4.1,3.34
40.769637,-73.949683,20,Dead,15.4,2.74
40.781775,-73.978027,20,Good,17.5,1.72
40.795680,-73.968015,19,Good,14.5,4.68
40.797630,-73.975227,14,Fair,4.9,0.49
40.769911,-73.949314,22,Good,16.4,13.90
40.795625,-73.968824,17,Good,16.2,1.12
40.797698,-73.967365,14,Good,13.9,1.77
40.795348,-73.969057,11,Good,13.7,4.16
40.796809,-73.967368,17,Good,17.7,2.87
40.768855,-73.949325,20,Good,12.1,17.62
40.769162,-73.949641,13,Good,12.6,6.07
40.796936,-73.967611,20,Good,16.9,0.73
40.795623,-73.968974,16,Good,18.3,3.06
40.768942,-73.950169,27,Good,16.7,3.54
40.782011,-73.978761,22,Dead,18.6,0.89
40.796691,-73.967526,20,Good,20.1,1.06
40.792663,-73.949590,23,Good,15.1,2.81
40.769902,-73.949483,22,Fair,16.4,1.77
40.796617,-73.975592,38,Fair,16.0,3.01
40.796707,-73.975435,32,Fair,18.5,3.08
40.797187,-73.967774,19,Fair,18.1,3.08
40.797130,-73.974992,30,Good,22.2,0.35
40.769371,-73.950145,16,Fair,48.5,2.20
40.797153,-73.967697,20,Fair,18.8,2.02
40.796261,-73.975375,20,Dead,18.2,3.42
40.769151,-73.950268,12,Good,16.7,3.25
40.795681,-73.968851,20,Good,15.9,1.92
40.796878,-73.967382,20,Fair,17.6,2.53
40.789638,-73.968636,11,Good,12.6,1.04
40.795601,-73.968784,21,Good,17.6,2.75
40.795536,-73.976344,25,Fair,13.4,3.80
40.769340,-73.949500,17,Fair,16.6,5.54
40.782859,-73.974116,15,Poor,19.3,3.81
40.792777,-73.949277,25,Good,20.7,2.40
40.768971,-73.950391,13,Fair,13.0,1.84
40.792239,-73.949585,31,Good,18.0,3.00
40.795693,-73.968721,21,Good,18.4,1.05
40.789472,-73.968543,12,Good,12.8,2.52
40.769384,-73.949312,25,Good,17.0,18.03
40.797144,-73.967821,20,Good,17.8,3.95
40.768803,-73.949371,17,Good,12.1,11.76
40.781690,-73.978088,26,Good,15.0,4.62
40.788671,-73.971697,16,Good,20.8,2.69
40.769259,-73.949760,21,Good,17.4,3.11
40.794883,-73.976781,32,Good,20.7,2.55
40.796820,-73.975391,48,Good,20.7,2.75
40.788570,-73.971595,16,Good,22.1,1.11
40.789607,-73.968549,12,Good,13.9,1.90
40.782092,-73.972357,24,Good,17.6,2.99
40.782114,-73.972409,20,Good,17.6,2.40
40.769111,-73.950150,14,Good,18.7,3.72
40.796324,-73.975465,25,Poor,18.0,3.27
40.769734,-73.949477,18,Good,15.7,1.93
40.788481,-73.971870,15,Good,22.4,2.93
40.795385,-73.969150,13,Good,13.8,1.64
40.788844,-73.971963,20,Dead,22.4,2.81
40.781848,-73.978640,20,Good,15.0,1.56
40.792351,-73.949604,16,Good,15.8,0.78
40.782720,-73.973770,23,Good,22.5,1.55
40.769194,-73.950266,13,Good,13.4,0.19
40.795567,-73.968642,16,Good,14.2,1.04
40.788604,-73.972161,15,Good,15.9,4.63
40.795722,-73.968902,14,Good,14.1,0.88
40.796789,-73.967721,22,Fair,17.3,3.25
40.792468,-73.949394,20,Fair,14.0,2.08
40.797002,-73.967351,25,Good,19.3,2.67
40.797248,-73.974915,32,Good,23.6,4.18
40.795443,-73.968992,16,Good,18.4,2.91
40.769774,-73.949569,21,Fair,15.2,3.64
40.779048,-73.981496,18,Good,18.3,4.95
40.780043,-73.973418,27,Good,15.9,2.18
40.795649,-73.968876,18,Good,15.9,3.00
40.792775,-73.949509,23,Good,15.8,1.78
40.795521,-73.968325,10,Excellent,13.4,1.72
40.795369,-73.976530,30,Good,17.0,1.26
40.795370,-73.968842,23,Fair,18.7,4.35
40.769243,-73.949948,23,Fair,18.9,1.12
40.789712,-73.968371,9,Good,14.0,2.86
40.792022,-73.949483,23,Good,14.6,3.62
40.781847,-73.978737,19,Good,16.5,0.45
40.780132,-73.974481,29,Good,20.2,2.36
40.768751,-73.949410,20,Good,12.1,8.39
40.769090,-73.950065,26,Good,17.7,2.63
40.797047,-73.974763,8,Fair,18.2,2.96
40.795607,-73.976367,14,Good,11.8,2.20
40.788841,-73.972004,19,Good,20.4,2.82
40.797147,-73.975482,12,Fair,9.4,0.96
40.795324,-73.968999,10,Good,13.5,3.17
40.795753,-73.968230,15,Good,16.2,2.98
40.769413,-73.949389,20,Good,17.0,10.91
40.796650,-73.967753,26,Good,21.0,3.14
40.795310,-73.976461,24,Good,17.3,2.72
40.781920,-73.978378,22,Good,16.5,4.28
40.781700,-73.972211,21,Good,23.0,2.27
40.796951,-73.975388,38,Fair,19.2,1.21
40.769312,-73.949450,23,Fair,16.9,7.95
40.795597,-73.968909,19,Good,18.4,0.53
40.797120,-73.967601,22,Good,17.5,1.28
40.769036,-73.950349,15,Good,16.3,0.79
40.769819,-73.949248,20,Good,16.4,20.57
40.796865,-73.974782,8,Fair,17.8,4.12
40.768775,-73.949517,21,Fair,12.1,0.98
40.796822,-73.967419,18,Good,17.6,1.29
40.795445,-73.976783,15,Good,10.6,0.97
40.788569,-73.972061,19,Fair,22.6,1.84
40.789543,-73.968490,13,Good,10.4,2.42
40.782214,-73.973205,36,Good,25.1,1.93
40.788729,-73.971799,17,Fair,21.3,2.34
40.792030,-73.949442,25,Good,16.5,3.21
40.769062,-73.950194,14,Good,18.7,2.94
40.780681,-73.975927,20,Good,23.9,5.62
40.799243,-73.974335,36,Fair,21.2,1.02
40.779951,-73.974201,24,Good,21.0,2.67
40.782695,-73.973702,21,Good,21.3,2.10
40.781319,-73.972675,18,Good,18.8,1.39
40.781397,-73.972565,14,Good,26.6,2.26
40.780101,-73.974562,24,Good,18.6,2.31
40.780414,-73.975283,21,Good,22.1,0.26
40.796045,-73.975277,33,Dead,17.9,3.09
40.799373,-73.972845,40,Fair,23.1,3.81
40.782600,-73.973473,21,Good,19.8,2.58
40.781446,-73.972472,17,Good,18.2,1.59
40.780529,-73.975566,24,Good,22.1,2.11
40.780511,-73.975633,14,Good,21.7,2.80
40.781608,-73.972280,22,Good,21.9,3.32
40.780552,-73.975619,21,Good,22.0,2.41
40.795556,-73.968804,20,Good,19.5,3.48
40.779780,-73.973799,22,Fair,19.1,2.69
40.781302,-73.975467,15,Good,32.2,3.30
40.780137,-73.973344,22,Poor,15.1,1.92
40.781358,-73.972532,17,Good,18.2,3.64
40.782794,-73.973945,27,Good,21.1,3.09
40.795286,-73.968907,18,Excellent,14.8,1.01
40.779880,-73.974032,22,Good,20.4,1.72
40.768110,-73.949329,0,Dead,6.3,29.28
40.788464,-73.971817,22,Good,22.4,2.96
40.780515,-73.973259,22,Good,21.3,1.32
40.782670,-73.973649,24,Good,22.3,3.40
40.774942,-73.968611,40,Good,18.1,4.44
40.789691,-73.968889,14,Good,12.2,1.66
40.780743,-73.976077,26,Poor,22.8,3.91
40.780435,-73.975339,27,Good,22.6,2.20
40.781276,-73.972701,26,Good,18.1,3.04
40.799210,-73.974177,45,Fair,19.3,0.86
40.780047,-73.974447,17,Good,17.8,1.14
40.781571,-73.972316,18,Good,18.7,3.83
40.788540,-73.971982,14,Good,21.3,3.47
40.779901,-73.974082,21,Good,21.1,2.19
40.766414,-73.952558,5,Fair,9.0,3.03
40.781344,-73.972607,15,Good,18.5,2.60
40.780508,-73.975519,23,Good,22.3,2.38
40.779805,-73.973852,18,Good,19.1,2.75
40.780621,-73.975771,19,Good,22.5,4.34
40.782842,-73.974063,22,Fair,21.1,2.58
40.781419,-73.972408,18,Good,17.9,1.04
40.782818,-73.974006,21,Good,19.5,0.50
40.781358,-73.975427,17,Good,16.6,1.73
40.780361,-73.975178,21,Good,20.8,3.93
40.782071,-73.972303,24,Dead,18.6,2.45
40.781333,-73.972468,16,Good,14.5,2.07
40.780635,-73.975808,14,Poor,22.9,4.67
40.781522,-73.972352,21,Good,18.7,3.18
40.780193,-73.973311,24,Good,22.6,1.46
40.779217,-73.981362,21,Good,17.1,3.34
40.782651,-73.973589,23,Good,20.5,1.12
40.779998,-73.974316,20,Good,21.3,3.22
40.799171,-73.966112,24,Good,8.1,1.26
40.799291,-73.974130,27,Good,21.8,1.66
40.780022,-73.974374,22,Good,17.7,4.80
40.781407,-73.975394,17,Good,16.5,2.90
40.782745,-73.973831,24,Good,22.6,2.51
40.795553,-73.968144,23,Good,16.8,2.68
40.779923,-73.974140,20,Good,21.3,2.62
40.780323,-73.973393,22,Good,18.0,3.16
40.781303,-73.972635,12,Good,19.3,0.83
40.780485,-73.975466,25,Good,22.3,3.11
40.780600,-73.975726,20,Good,22.5,1.95
40.779833,-73.973913,18,Good,21.4,3.33
40.780091,-73.973391,23,Good,15.3,1.66
40.780343,-73.973230,17,Good,14.0,2.19
40.780653,-73.975858,15,Poor,23.9,2.47
40.779772,-73.973490,5,Good,3.0,1.55
40.795418,-73.968935,19,Good,18.4,2.65
40.780383,-73.975229,22,Good,19.7,0.45
40.779973,-73.974256,19,Good,21.4,1.50
40.781903,-73.972517,31,Good,20.6,3.74
40.781482,-73.972374,22,Good,19.1,3.14
40.781223,-73.975499,19,Good,29.8,2.49
40.781426,-73.972604,23,Good,26.3,2.65
40.782623,-73.973531,24,Good,20.6,0.84
40.788613,-73.971570,15,Good,21.9,1.75
40.781480,-73.972571,22,Good,18.5,3.29
40.781923,-73.972599,34,Good,19.9,1.46
40.782770,-73.973889,25,Good,22.6,3.38
40.781655,-73.972240,27,Good,21.8,0.28
40.779762,-73.973731,20,Fair,20.1,0.85
40.780575,-73.975677,21,Good,22.6,2.73
40.781262,-73.972515,24,Good,18.9,2.47
40.780458,-73.975406,23,Good,21.9,1.04
40.779861,-73.973969,19,Good,21.7,4.10
40.782679,-73.973877,25,Good,23.5,3.14
40.769670,-73.949543,19,Good,13.9,0.83
40.769527,-73.949535,22,Good,16.2,1.65
40.780350,-73.975154,19,Good,20.8,2.22
40.765067,-73.958802,21,Good,17.1,1.45
40.769273,-73.950100,12,Fair,15.1,1.09
40.765108,-73.958683,18,Good,17.1,3.07
40.769410,-73.949464,20,Good,17.0,5.24
40.782656,-73.973738,20,Good,22.8,2.71
40.769153,-73.950133,17,Fair,20.5,1.93
40.799163,-73.974395,40,Good,20.2,4.03
40.769312,-73.949582,21,Good,17.2,1.24
40.769680,-73.949643,19,Good,14.9,2.53
40.782630,-73.973700,22,Good,22.3,2.76
40.765046,-73.958745,7,Fair,15.4,4.79
40.768927,-73.950416,18,Good,14.2,0.62
40.782781,-73.974073,25,Good,22.0,2.48
40.769874,-73.949258,22,Fair,16.4,18.39
40.769183,-73.949363,16,Good,13.4,13.82
40.782575,-73.973563,24,Good,22.2,2.88
40.769010,-73.950222,14,Dead,17.2,2.15
40.782712,-73.973921,26,Good,22.8,1.81
40.768992,-73.950318,18,Good,17.3,2.40
40.769016,-73.950267,14,Good,17.2,1.95
40.769028,-73.950244,11,Fair,17.2,2.35
40.764890,-73.958713,18,Good,17.7,2.34
40.769033,-73.950094,14,Good,19.1,2.82
40.780638,-73.975823,14,Good,22.9,5.15
40.782820,-73.974143,16,Good,21.6,1.69
40.769259,-73.949411,21,Good,13.4,9.40
40.768607,-73.949373,3,Good,13.5,13.12
40.782602,-73.973630,25,Good,23.2,2.37
40.769229,-73.949706,10,Good,14.6,0.98
40.782662,-73.973823,23,Good,23.2,1.70
40.768711,-73.949835,21,Good,13.5,3.32
40.769464,-73.949554,0,Dead,15.9,1.44
40.764951,-73.958868,11,Good,18.0,2.45
40.769144,-73.950078,12,Good,20.5,3.22
40.768872,-73.950221,20,Good,15.9,3.16
40.765182,-73.958613,14,Good,17.0,4.92
40.781313,-73.972609,13,Good,19.3,2.34
40.780650,-73.975873,15,Good,23.9,2.96
40.769427,-73.949345,16,Good,17.0,14.34
40.782734,-73.973958,27,Good,21.6,1.89
40.782539,-73.973508,22,Good,21.5,3.26
40.768934,-73.950283,11,Good,13.8,3.30
40.784200,-73.951163,3,Excellent,9.7,1.58
40.798155,-73.975881,26,Good,13.6,1.99
40.796174,-73.975770,38,Fair,16.4,2.88
40.799347,-73.974384,32,Good,19.6,3.54
40.797026,-73.975209,26,Good,20.5,2.52
40.796050,-73.975768,25,Good,20.7,1.82
40.799228,-73.974388,28,Good,20.8,4.73
40.798438,-73.973727,31,Good,23.0,3.29
40.796139,-73.975514,25,Good,20.5,4.50
40.796175,-73.975804,18,Fair,16.4,1.88
40.769332,-73.949622,18,Good,16.0,1.27
40.796627,-73.975496,22,Fair,25.9,0.94
40.799003,-73.974467,31,Good,21.7,3.40
40.795951,-73.975478,50,Fair,23.5,2.59
40.797041,-73.975036,30,Good,21.4,4.27
40.795700,-73.976111,19,Good,15.7,2.49
40.796164,-73.975632,28,Fair,19.7,3.20
40.769541,-73.949239,13,Good,14.3,21.33
40.795812,-73.975892,25,Good,20.5,1.59
40.796853,-73.975384,38,Good,21.2,1.63
40.796287,-73.975872,29,Good,17.7,3.96
40.765104,-73.958192,24,Fair,16.6,2.25
40.799211,-73.974119,27,Good,21.1,3.82
40.786739,-73.981512,25,Good,24.1,4.02
40.796892,-73.974621,42,Good,28.1,2.30
40.780736,-73.976068,29,Good,21.3,4.44
40.765413,-73.958561,0,Poor,9.1,2.50
40.796007,-73.975893,28,Fair,20.9,2.00
40.798875,-73.973060,38,Fair,23.1,2.17
40.796151,-73.975927,32,Fair,15.9,2.86
40.796527,-73.975576,27,Good,13.2,2.04
40.799311,-73.974635,22,Good,17.9,2.29
40.796480,-73.975225,31,Good,19.2,2.52
40.796875,-73.974497,38,Fair,27.1,1.21
40.797330,-73.974561,20,Good,28.8,2.70
40.797137,-73.974620,25,Good,25.2,1.31
40.796512,-73.974913,28,Good,21.7,1.94
40.797330,-73.974987,27,Fair,21.8,3.14
40.797000,-73.974622,21,Dead,28.4,3.40
40.787192,-73.981582,42,Good,27.3,2.23
40.797439,-73.975338,15,Good,10.1,2.33
40.797067,-73.974811,25,Good,24.3,1.05
40.796554,-73.975380,34,Good,20.4,0.38
40.795855,-73.976227,12,Good,17.2,2.17
40.796525,-73.974886,24,Good,21.7,0.92
40.797943,-73.973626,20,Good,21.5,1.98
40.796642,-73.974834,28,Good,21.2,3.30
40.797400,-73.973728,36,Good,27.3,3.11
40.795935,-73.976212,16,Good,13.6,3.81
40.797436,-73.974793,30,Good,21.9,2.63
40.797327,-73.973745,32,Good,27.1,2.05
40.797260,-73.974567,27,Good,24.1,0.40
40.796689,-73.975021,30,Good,18.4,4.78
40.795884,-73.975761,27,Good,19.9,2.86
40.796760,-73.975248,26,Fair,17.9,5.10
40.795854,-73.976066,31,Good,21.0,3.35
40.799009,-73.974415,37,Good,20.8,4.83
40.797015,-73.973873,37,Good,26.3,2.10
40.797245,-73.975059,32,Good,22.6,2.18
40.796893,-73.975283,24,Dead,19.2,1.14
40.796751,-73.974970,27,Poor,17.7,1.25
40.795541,-73.976391,25,Good,14.7,1.37
40.799369,-73.972497,27,Fair,25.0,1.27
40.796520,-73.975718,19,Good,17.6,6.71
40.796784,-73.974865,23,Good,17.1,3.65
40.796459,-73.975744,26,Good,17.9,3.97
40.797168,-73.973897,22,Good,22.6,2.92
40.797271,-73.973919,30,Good,22.1,1.27
40.796811,-73.975207,23,Good,19.4,3.72
40.796414,-73.975208,27,Good,22.7,3.14
40.799233,-73.973854,32,Good,20.5,3.82
40.795806,-73.976028,29,Good,21.0,2.98
40.799192,-73.974214,25,Good,20.1,1.83
40.796293,-73.975765,21,Good,16.3,2.83
40.786571,-73.981540,35,Good,23.0,1.81
40.797417,-73.974968,33,Good,22.3,2.62
40.797170,-73.974762,26,Good,24.9,4.27
40.797466,-73.974586,31,Good,23.1,2.18
40.797694,-73.973673,41,Good,19.7,3.01
40.796442,-73.975418,30,Good,21.0,2.36
40.796705,-73.974778,28,Good,22.0,3.30
40.795787,-73.976171,35,Good,18.5,3.27
40.796034,-73.976160,15,Good,12.1,1.63
40.787101,-73.981561,26,Good,20.3,3.05
40.797271,-73.974694,31,Good,25.0,4.42
40.797271,-73.975436,14,Good,9.7,1.18
40.796046,-73.975630,25,Good,22.9,1.80
40.799277,-73.974595,22,Good,12.9,2.84
40.798934,-73.974579,27,Good,20.1,3.19
40.796997,-73.974871,33,Fair,23.6,2.77
40.797181,-73.974612,29,Good,24.2,2.30
40.797069,-73.974654,25,Good,24.0,2.40
40.798798,-73.973279,32,Fair,22.9,4.56
40.799311,-73.973876,26,Good,19.6,2.74
40.797753,-73.974843,29,Good,18.3,2.09
40.796897,-73.974797,25,Good,18.4,2.80
40.799348,-73.974725,26,Good,16.7,1.29
40.799086,-73.972788,30,Good,22.7,4.18
40.797379,-73.974655,0,Dead,24.5,1.48
40.775267,-73.949797,11,Fair,9.7,0.92
40.783497,-73.971286,3,Dead,5.8,0.94
40.796101,-73.975411,24,Good,20.0,3.25
40.794508,-73.969182,6,Dead,5.4,6.63
40.796927,-73.974666,24,Good,28.1,3.18
40.788031,-73.971917,18,Dead,12.6,1.08
40.796802,-73.972685,2,Dead,4.7,2.09
40.789486,-73.971210,3,Good,5.0,3.07
40.768226,-73.949287,19,Poor,6.3,22.01
40.786641,-73.979354,5,Fair,10.6,2.79
40.786769,-73.979263,5,Good,9.2,1.17
40.764934,-73.964796,3,Good,12.4,2.01
40.768068,-73.949393,17,Fair,6.3,31.41
40.788569,-73.976249,8,Good,11.7,0.85
40.788682,-73.976164,9,Good,13.0,2.02
40.764971,-73.965130,5,Good,19.5,1.71
40.774433,-73.949771,3,Good,8.7,2.47
40.787372,-73.950016,24,Good,18.3,2.07
40.799341,-73.965930,19,Good,18.9,4.93
40.774302,-73.953144,2,Good,18.0,3.20
40.780712,-73.958242,6,Dead,6.8,0.93
40.791603,-73.949207,27,Good,18.6,1.10
40.780152,-73.973360,18,Fair,22.0,2.49
40.769319,-73.949906,3,Excellent,17.1,4.82
40.767636,-73.966025,24,Good,21.4,1.17
40.795942,-73.954454,25,Good,11.8,2.04
40.768639,-73.949689,3,Excellent,15.3,2.54
40.799233,-73.972757,29,Poor,23.8,1.47
40.791341,-73.949386,25,Good,20.3,5.68
40.798553,-73.973428,24,Fair,20.6,2.97
40.792505,-73.949742,28,Good,14.6,2.19
40.785717,-73.974323,3,Fair,8.4,1.18
40.766343,-73.963234,8,Dead,9.9,1.53
40.765695,-73.978522,2,Good,23.2,53.28
40.765111,-73.958431,3,Good,12.8,3.92
40.792351,-73.949867,22,Good,16.5,0.39
40.799093,-73.966288,7,Good,8.5,8.48
40.778605,-73.979652,16,Good,16.0,0.70
40.768271,-73.965649,5,Good,25.3,1.63
40.797350,-73.974859,3,Dead,20.4,2.88
40.773881,-73.958340,3,Excellent,16.1,2.47
40.768350,-73.965592,5,Good,6.6,5.65
40.791007,-73.971190,4,Good,7.3,2.86
40.780346,-73.956833,3,Excellent,46.4,0.82
40.780387,-73.956804,3,Excellent,8.5,1.52
40.780256,-73.956899,3,Excellent,8.1,1.56
40.798930,-73.950426,7,Fair,7.1,4.21
40.773761,-73.958056,3,Excellent,9.7,1.20
40.765325,-73.972882,28,Good,16.1,4.35
40.780560,-73.975751,3,Dead,21.0,1.88
40.765697,-73.972918,31,Good,15.8,3.24
40.795975,-73.965508,25,Good,19.3,2.91
40.779123,-73.978921,12,Good,11.9,2.19
40.796151,-73.967625,30,Fair,15.2,2.48
40.799063,-73.972784,30,Good,23.2,2.43
40.768322,-73.967240,3,Excellent,10.4,7.27
40.779105,-73.960206,0,Dead,10.5,1.10
40.796221,-73.967800,30,Fair,18.0,2.95
40.796947,-73.967365,20,Fair,18.7,3.44
40.796076,-73.967440,30,Fair,5.7,1.60
40.786109,-73.976033,4,Good,7.6,16.93
40.775558,-73.960807,3,Poor,9.7,0.49
40.767529,-73.965119,5,Good,7.3,0.88
40.773807,-73.958165,3,Good,14.9,2.39
40.781617,-73.975585,7,Fair,17.3,1.23
40.766981,-73.965684,25,Good,22.1,2.10
40.766813,-73.965271,25,Good,20.4,1.56
40.778106,-73.960652,28,Good,16.4,1.74
40.769298,-73.955617,5,Fair,9.2,1.13
